{
	"pattrstorage" : 	{
		"name" : "steps",
		"slots" : 		{
			"1" : 			{
				"id" : 1,
				"data" : 				{
					"left_matr" : [ 0, 3, 1, 2, 2, 1, 3, 1, 1, 6, 0, 1, 6, 2, 1, 9, 3, 1, 10, 2, 1, 12, 2, 1 ],
					"live.gain~" : [ -14.43299 ],
					"right_matr" : [ 6, 0, 1, 6, 2, 1, 9, 3, 1, 10, 2, 1, 12, 2, 1 ],
					"center_matr" : [ 0, 0, 0 ]
				}

			}
,
			"2" : 			{
				"id" : 2,
				"data" : 				{
					"left_matr" : [ 0, 3, 1, 2, 2, 1, 3, 1, 1, 6, 0, 1, 6, 2, 1, 9, 3, 1, 10, 2, 1, 12, 2, 1 ],
					"live.gain~" : [ -14.43299 ],
					"right_matr" : [ 1, 2, 1, 2, 2, 1, 6, 0, 1, 6, 2, 1, 9, 3, 1, 10, 2, 1, 12, 2, 1, 14, 2, 1, 15, 1, 1 ],
					"center_matr" : [ 0, 0, 0 ]
				}

			}
,
			"3" : 			{
				"id" : 3,
				"data" : 				{
					"left_matr" : [ 4, 3, 1, 6, 0, 1, 6, 2, 1, 6, 3, 1, 9, 3, 1, 10, 2, 1, 12, 2, 1 ],
					"live.gain~" : [ -14.43299 ],
					"right_matr" : [ 1, 2, 1, 2, 2, 1, 6, 0, 1, 6, 2, 1, 9, 3, 1, 10, 2, 1, 12, 2, 1, 14, 2, 1, 15, 1, 1 ],
					"center_matr" : [ 0, 0, 0 ]
				}

			}
,
			"4" : 			{
				"id" : 4,
				"data" : 				{
					"left_matr" : [ 0, 0, 0 ],
					"live.gain~" : [ -14.43299 ],
					"right_matr" : [ 0, 0, 0 ],
					"center_matr" : [ 1, 2, 1, 2, 2, 1, 4, 3, 1, 6, 0, 1, 6, 2, 1, 6, 3, 1, 9, 3, 1, 10, 2, 1, 12, 2, 1 ]
				}

			}

		}

	}

}
