{
	"pattrstorage" : 	{
		"name" : "steps",
		"slots" : 		{
			"1" : 			{
				"id" : 1,
				"data" : 				{
					"left_matr" : [ 0, 2, 1, 3, 1, 1, 6, 0, 1, 9, 3, 1, 12, 4, 1 ],
					"live.gain~" : [ -19.308872 ]
				}

			}
,
			"2" : 			{
				"id" : 2,
				"data" : 				{
					"left_matr" : [ 0, 2, 1, 2, 3, 1, 3, 1, 1, 4, 3, 1, 5, 2, 1, 6, 0, 1, 7, 1, 1, 8, 3, 1, 9, 3, 1, 12, 1, 1, 12, 4, 1, 14, 1, 1 ],
					"live.gain~" : [ -19.308872 ]
				}

			}
,
			"3" : 			{
				"id" : 3,
				"data" : 				{
					"left_matr" : [ 0, 4, 1, 1, 0, 1, 1, 3, 1, 3, 2, 1, 4, 0, 1, 5, 1, 1, 5, 3, 1, 7, 0, 1, 7, 3, 1, 7, 4, 1, 9, 3, 1, 11, 0, 1, 11, 1, 1, 11, 3, 1, 13, 1, 1, 13, 4, 1, 15, 4, 1 ],
					"live.gain~" : [ -19.308872 ]
				}

			}

		}

	}

}
